ID;Fichier;Page_Section;Texte_Actuel_Arabe;Type_Defaut;Severite;Diagnostic_Critique;Texte_Propose_Substitution;Statut_Planning
AUD-001;app/[lang]/layout.tsx;Global Metadata - SEO Description;الأستاذ عبد الرزاق الرويسي محامٍ بالمحمدية منذ 1992، متخصص في العقار الفلاحي وأراضي الجموع والميراث والمنازعات العقارية بالمغرب.;Déontologie & Posture Avocat;Critique;استعمال كلمة 'متخصص' محظور ومقيد بشدة في تقاليد وأعراف هيئة المحامين بالمغرب (القانون 28.08 المنظم لمهنة المحاماة) لتفادي الادعاءات الإشهارية غير المرخصة. كما أن حصر المحامي في 'بالمحمدية' دون ذكر انتمائه لهيئة المحامين بالدار البيضاء ينقص من وزنه المؤسساتي، مع إغفال صفة 'مقبول لدى محكمة النقض' لمحام يمارس منذ 1992 (أكثر من 30 سنة ممارسة).;الأستاذ عبد الرزاق الرويسي، محامٍ بهيئة الدار البيضاء يمارس بالمحمدية منذ 1992 (مقبول لدى محكمة النقض). تجربة راسخة في قضايا العقار، والأراضي الفلاحية، وأملاك الجماعات الفلاحية، وقسمة التركات والمنازعات القضائية بالمغرب.;Prêt pour substitution
AUD-002;components/JsonLd.tsx;Schema.org - Description & Slogan;مكتب الأستاذ عبد الرزاق الرويسي للمحاماة بالمحمدية، متخصص في القانون العقاري ونزاعات الميراث والتحكيم والمنازعات العقارية، ويقدم خدماته للأفراد والمقاولات والفلاحين في المغرب.;Style, Syntaxe & Grammaire;Majeur;حشو وركاكة وتكرار معيب ناتج عن GPT: جمع بين 'القانون العقاري' في أول الجملة و'المنازعات العقارية' في آخرها، وتكرار عبارة 'متخصص' المخالفة لأعراف الهيئة. الصيغة تفتقر للرصانة القانونية الموجهة لمحركات البحث والمنصات الذكية.;مكتب الأستاذ عبد الرزاق الرويسي للمحاماة بالمحمدية (هيئة المحامين بالدار البيضاء)، يكرس ممارسته القانونية الممتدة لأكثر من ثلاثة عقود في منازعات التحفيظ العقاري، وتصفية التركات والمواريث، والوساطة، وقضايا الأراضي الفلاحية لفائدة الأفراد والشركات في المغرب.;Prêt pour substitution
AUD-003;components/Header.tsx;Navigation Bar - Menu Item;مجالات التدخل;Calque Français / Traduction Littérale GPT;Majeur;ترجمة حرفية مباشرة للعبارة الفرنسية 'Domaines d’intervention'. في اللغة القانونية العربية لا يقال لمكتب محاماة 'مجالات التدخل' (المصطلح يناسب الوقاية المدنية أو المنظمات الإغاثية أو العمليات الأمنية). المصطلح المهني المعتمد في مكاتب المحاماة الرائدة هو 'مجالات الممارسة' أو 'مجالات الاختصاص' أو 'الخدمات القانونية'.;مجالات الممارسة;Prêt pour substitution
AUD-004;components/Header.tsx;Navigation Bar - CTA Contact;اتصل بنا;Style, Syntaxe & Grammaire;Mineur;صيغة تجارية عامية مبتذلة شائعة في المتاجر الإلكترونية والمواقع الاستهلاكية. مكتب محاماة عريق يتطلب صيغة تراعي وقار المهنة مثل 'الاتصال بالمكتب' أو 'حجز استشارة'.;الاتصال بالمكتب;Prêt pour substitution
AUD-005;components/Footer.tsx;Footer - Description & Button;مكتب محاماة بالمحمدية يقدم خدماته للأفراد والمقاولات والفلاحين في مختلف مدن المغرب. / العنوان والاتصال;Calque Français / Traduction Littérale GPT;Majeur;'يقدم خدماته' تعبير استهلاكي جاف (services). المحامي في القانون المغربي يمارس 'الدفاع والمؤازرة والاستشارة القانونية'. وعبارة 'العنوان والاتصال' ترجمة حرفية لـ 'Adresse et contact'.;مكتب محاماة بالمحمدية يتولى الدفاع وتقديم الاستشارات القانونية للأفراد والشركات والمستغلين الفلاحيين أمام مختلف محاكم المملكة المغربية. / مقر المكتب والتواصل;Prêt pour substitution
AUD-006;app/[lang]/page.tsx;Homepage - Hero Intro;خبرة تفوق 32 سنة في القانون العقاري والعقار الفلاحي وأراضي الجموع والميراث والضرائب بالمحمدية وفي مختلف مدن المغرب.;Terminologie Juridique Marocaine;Majeur;تجميع كلمات مفتاحية عشوائي بأسلوب GPT. مصطلح 'العقار الفلاحي وأراضي الجموع والميراث والضرائب' غير دقيق قانونياً. في التشريع المغربي يقال: 'أملاك الجماعات السلالية' بجانب أراضي الجموع، و'قسمة التركات والمواريث'، و'القانون الضريبي والمنازعات الجبائية'.;خبرة مهنية راسخة تتجاوز 32 سنة في منازعات التحفيظ العقاري، والعقار الفلاحي، وأملاك الجماعات السلالية، وتصفية التركات، والمنازعات الجبائية بالمحمدية ومختلف محاكم المملكة المغربية.;Prêt pour substitution
AUD-007;app/[lang]/page.tsx;Homepage - Proof Section;يرافق الأستاذ عبد الرزاق الرويسي الأفراد والمقاولات والفلاحين بمنهج دقيق وواضح يتلاءم مع خصوصية كل ملف.;Calque Français / Traduction Littérale GPT;Majeur;فعل 'يرافق' هو ترجمة حرفية بائسة لكلمة 'accompagne' الفرنسية المتداولة في التسويق. المحامي في قانون المسطرة المدنية وقانون المهنة المغربي لا 'يرافق' (المرافقة تكون للمرشدين)، بل 'يؤازر' (assistance) و'يمثل' (représentation) و'يقدم المشورة والدفاع'.;يقدم الأستاذ عبد الرزاق الرويسي المشورة القانونية والمؤازرة القضائية للأفراد والشركات والمستغلين الفلاحيين بمنهج تحليلي صارم يراعي الطبيعة الخاصة والتعقيدات المسطرية لكل قضية.;Prêt pour substitution
AUD-008;app/[lang]/page.tsx;Homepage - Team Section;نحو 10 / فريق يعمل تحت إدارته المباشرة / يضم المكتب فريقًا من نحو عشرة محامين متعاونين مسجلين بهيئة المحامين.;Style, Syntaxe & Grammaire;Majeur;عبارة 'نحو 10' كرقم منفرد تبدو مبتورة وركيكة بصرياً. وعبارة 'مسجلين بهيئة المحامين' غير محددة في المغرب (المحامي يقيد بهيئة محددة، وهي هنا 'هيئة المحامين بالدار البيضاء'). التعبير القانوني السليم هو 'محامون متعاونون مقيدون بالجدول الكبير لهيئة المحامين بالدار البيضاء'.;10 محامين / فريق متكامل تحت إشرافه المباشر / يضم المكتب فريقاً يضم عشرة محامين متعاونين ومساعدين قانونيين مقيدين بهيئة المحامين بالدار البيضاء، تُعالج الملفات بتنسيق وإشراف مباشر من الأستاذ عبد الرزاق الرويسي.;Prêt pour substitution
AUD-009;app/[lang]/page.tsx;Homepage - Service Block 1 (Immobilier);القانون العقاري والتحفيظ العقاري: التحفيظ العقاري والرسوم العقارية ومعاملات البيع والشراء والكراء ونقل الملكية وتسوية المنازعات العقارية.;Style, Syntaxe & Grammaire;Majeur;تكرار ركيك لمصطلح 'التحفيظ العقاري' في العنوان وبداية الشرح. إغفال مصطلحات القانون العقاري المغربي (ظهير التحفيظ العقاري 1913 ومدونة الحقوق العينية): 'مطالب التحفيظ'، 'التعرضات'، 'التقييدات بالسجلات العقارية'، 'عقود البيع والارتفاق'.;القانون العقاري ومساطر التحفيظ: متابعة مطالب التحفيظ، تأسيس الرسوم العقارية، تسوية التعرضات، تدقيق عقود البيع والكراء، التقييدات والتشطيبات بالرسم العقاري، وحماية الملكية العقارية من النزاعات والتعديات.;Prêt pour substitution
AUD-010;app/[lang]/page.tsx;Homepage - Service Block 2 (Succession);الميراث والتركات: قسمة التركات وإنهاء حالة الشياع وتسوية النزاعات بين الورثة والمنازعات المتعلقة بالعقارات الموروثة.;Terminologie Juridique Marocaine;Majeur;غياب المصطلحات الإجرائية لمدونة الأسرة المغربية (الكتاب السادس): 'تصفية التركة'، 'حصر التركة'، 'القسمة الرضائية والقضائية' (قسمة عينية أو بالمزاد العلني).;تصفية التركات وقسمة المواريث: حصر متروك الهالك وتصفيته، مباشرة القسمة الرضائية والقضائية، إنهاء حالة الشياع، وحل النزاعات المعقدة بين الورثة حول العقارات والأصول الموروثة.;Prêt pour substitution
AUD-011;app/[lang]/page.tsx;Homepage - Service Block 3 (Foncier Rural);العقار الفلاحي وأراضي الجموع: قضايا الملكية والتحديد والشياع ونزع الملكية والمنازعات المتعلقة بالعقارات الفلاحية وأراضي الجموع.;Terminologie Juridique Marocaine;Majeur;مصطلح 'أراضي الجموع' يستوجب التحديد القانوني وفق القانونين 62.17 و63.17: 'أملاك الجماعات السلالية'. ومصطلح 'قضايا الملكية' في المجال القروي يعني 'رسم الملكية العدلي' والأراضي غير المحفظة (الملك) والتحديد الإداري.;العقار الفلاحي وأملاك الجماعات السلالية: قضايا العقارات غير المحفظة (رسوم الملكية العدلية)، مساطر التحديد الإداري، منازعات أراضي الجموع والسلاليات، نزع الملكية للمنفعة العامة، وحل نزاعات استغلال الضيعات والشياع الفلاحي.;Prêt pour substitution
AUD-012;app/[lang]/page.tsx;Homepage - Service Block 4 (Fiscal);القانون الضريبي: الاستشارات الضريبية ومواكبة الأفراد والمقاولات أثناء المراقبة الضريبية والتمثيل في المنازعات الضريبية.;Terminologie Juridique Marocaine;Majeur;تعبير سطحي جداً أغفل الهياكل القضائية والمسطرية للنزاع الضريبي بالمغرب: 'فحص المحاسبة'، 'مسطرة التصحيح'، 'اللجان الضريبية (CLT و CNRF)'، و'المحاكم الإدارية'.;المنازعات الضريبية والجبايات: مؤازرة الخاضعين للضريبة أثناء الفحص والمراقبة الجبائية، صياغة الأجوبة على رسائل التصحيح، الترافع أمام اللجان الضريبية (المحلية والوطنية)، ومقاضاة إدارة الضرائب أمام المحاكم الإدارية.;Prêt pour substitution
AUD-013;app/[lang]/page.tsx;Homepage - Service Block 5 (Administratif);القانون الإداري: المواكبة في المساطر الإدارية وتقديم الطعون والتمثيل في المنازعات مع الإدارات العمومية.;Terminologie Juridique Marocaine;Majeur;صياغة مبتذلة تفتقر للمصطلحات القانونية الإدارية المغربية الأصيلة (القانون 41.90): 'دعوى الإلغاء لتجاوز السلطة'، 'دعاوى القضاء الشامل والتعويض'، 'التظلمات الإدارية'، 'منازعات الصفقات والقرارات الإدارية'.;القانون الإداري والمنازعات العمومية: دعاوى الإلغاء بسبب تجاوز السلطة ضد القرارات الإدارية غير المشروعة، قضايا التعويض والمسؤولية الإدارية للدولة والجماعات الترابية، ومباشرة التظلمات الاستعطافية والرئاسية.;Prêt pour substitution
AUD-014;app/[lang]/page.tsx;Homepage - Reach & Final CTA;يتدخل المكتب خصوصا في الدار البيضاء والرباط... / اشرحوا وضعيتكم بإيجاز عبر الهاتف أو واتساب من أجل تنظيم موعد بالمكتب.;Calque Français / Traduction Littérale GPT;Majeur;'يتدخل المكتب' = calque de 'Le cabinet intervient'. و'اشرحوا وضعيتكم' = calque de 'expliquez votre situation'. و'تنظيم موعد' = calque de 'organiser un rendez-vous'. اللغة ركيكة جداً ومترجمة حرفياً من الفرنسية بدون أي روح بيانية عربية.;يترافع المكتب ويباشر الإجراءات القضائية لاسيما أمام محاكم الدار البيضاء، والرباط، وفاس، ومراكش، وطنجة، والقنيطرة، وبنسليمان، وكافة الدوائر القضائية بالمملكة. / تفضلوا بعرض عناصر قضيتكم بإيجاز عبر الهاتف أو واتساب لترتيب موعد استشارة بمقر المكتب.;Prêt pour substitution
AUD-015;app/[lang]/contact/page.tsx;Contact - Preparation Advice 1 to 3;لخصوا الوقائع: اذكروا التواريخ والأشخاص أو الشركات المعنية والهدف المطلوب. / نبهوا إلى الآجال: اذكروا أي جلسة أو استدعاء أو إنذار أو أجل سبق التوصل به.;Calque Français / Traduction Littérale GPT;Majeur;"'الهدف المطلوب' عبارة سوقية؛ الصواب القانوني: 'الطلبات أو الغاية المرجوة'. وعبارة 'أجل سبق التوصل به' خطأ لغوي ومنطقي شنيع؛ الأجل لا 'يُتوصَّل به' بل يبدأ بسريان تبليغ أو إشعار! فالتبليغ هو ما يتم التوصل به، والأجل هو المدة القانونية المسقطة للحق.";لخصوا الوقائع: حددوا التسلسل الزمني للأحداث، والأطراف المعنية، والطلبات أو الغاية القانونية المرجوة. / نبهوا إلى الآجال القانونية: اذكروا فوراً تاريخ أي تبليغ، أو استدعاء لجلسة، أو إنذار توصلتم به خشية سقوط الآجال المسطرية المحددة.;Prêt pour substitution
AUD-016;app/[lang]/contact/page.tsx;Contact - FAQ Fees;كم تبلغ تكلفة الاستشارة القانونية؟ تختلف التكلفة بحسب موضوع الاستشارة وعدد الوثائق والعمل المطلوب. يوضح المكتب نطاق المهمة والأتعاب حسب الملف.;Déontologie & Posture Avocat;Majeur;الصيغة مبتذلة وتشبه تسعير بضاعة تجارية. في قانون المحاماة المغربي (المادة 44 وما يليها من القانون 28.08)، الأتعاب تحدد بالاتفاق مع الموكل وفق معايير مهنية رصينة (أهمية القضية، الجهد المبذول، طبيعة النزاع).;تُحدد الأتعاب باتفاق مسبق مع الموكل وفقاً لأعراف وتقاليد هيئة المحامين ومقتضيات قانون المهنة، بالنظر إلى طبيعة القضية، ودرجة تعقيدها، والجهد والوقت اللازمين لدراسة وثائقها ومباشرة إجراءاتها.;Prêt pour substitution
AUD-017;app/ar/ads/immobilier/page.tsx;Ads Landing - Main Title & Issues;محامي عقاري بالمغرب / نزاع حول ملكية عقار: حقوق الملكية، حدود العقار أو الاستغلال دون اتفاق.;Style, Syntaxe & Grammaire;Majeur;'محامي عقاري' دون إضافة أو تنوين ركيكة لغوياً، والأفصح: 'محامٍ في القضايا العقارية' أو 'محامي قضايا العقار والتحفيظ'. وعبارة 'الاستغلال دون اتفاق' ترجمة ضعيفة وغامضة لمصطلح 'الاحتلال بدون سند قانوني' (occupation sans droit ni titre) أو 'الترامي'.;محامٍ في قضايا العقار والتحفيظ بالمغرب / نزاع حول ملكية عقار: دعاوى الاستحقاق، تداخل الحدود، أو احتلال العقار دون سند قانوني.;Prêt pour substitution
AUD-018;app/ar/ads/immobilier/page.tsx;Ads Landing - Issue Topic 5 (Baux);نزاع كراء أو طلب إفراغ: دراسة عقد الكراء، المستحقات والنزاع بين المكري والمكتري.;Terminologie Juridique Marocaine;Majeur;تسطيح شديد لنزاعات الأكرية بالمغرب. النزاعات العقارية الكرائية تحكمها نصوص خاصة صارمة (القانون 67.12 للكراء السكني والمهني، والقانون 49.16 للكراء التجاري): 'مطل الأداء'، 'الإنذار بالإفراغ'، 'الإفراغ للاحتياج أو الهدم وإعادة البناء'، 'التعويض عن إنهاء الكراء التجاري'.;نزاع كراء أو دعوى إفراغ: استخلاص واجبات الكراء والمطل، مساطر الإفراغ القانونية (القانون 67.12 و49.16)، ومنازعات الأكرية السكنية والتجارية.;Prêt pour substitution
AUD-019;components/ads/ImmobilierLeadForm.tsx;Form - Header, Copy & Privacy;لنتحدث عن ملفكم / هيّئوا رسالة قصيرة للمكتب، ثم راجعوها على واتساب قبل إرسالها. / لا تُرسلوا وثائق حساسة في الرسالة الأولى.;Calque Français / Traduction Littérale GPT;Majeur;'لنتحدث عن ملفكم' أسلوب شات جي بي تي تسويقي عامي ('Parlons de votre dossier'). وعبارة 'وثائق حساسة' تعبير أمني/استهلاكي غربي غير لائق بالسر المهني للمحاماة (secret professionnel). في الاستشارة القانونية، المطلوب عدم إرسال أصول الرسوم والوثائق عبر المراسلات الفورية قبل جلسة الاستشارة.;عرض معطيات قضيتكم / تفضلوا بتسجيل بياناتكم لتهيئة رسالة واضحة للمكتب عبر واتساب. / حفاظاً على السر المهني، يُرجى عدم إرسال نسخ الرسوم والوثائق الأصلية عبر المراسلة الفورية قبل الاتفاق على موعد الاستشارة.;Prêt pour substitution
AUD-020;lib/ads-immobilier.ts;WhatsApp Template Message;السلام عليكم، أرغب في التواصل مع مكتب الأستاذ عبد الرزاق الرويسي بخصوص ملف عقاري... أود معرفة إمكانية تحديد موعد والوثائق المناسبة لملفي. شكراً.;Style, Syntaxe & Grammaire;Mineur;"صياغة باردة ومفككة تشبه استفساراً عاماً في متجر. العبارة 'الوثائق المناسبة لملفي' ركيكة؛ الأصح: 'الوثائق المطلوبة لدراسة الملف وتحديد موعد للاستشارة'.";السلام عليكم ورحمة الله، أرغب في حجز موعد استشارة قانونية لدى مكتب الأستاذ عبد الرزاق الرويسي بخصوص قضية عقارية.;
الاسم: {name};;;;;;;;
موضوع النزاع: {topic};;;;;;;;
رقم الهاتف: {phone};;;;;;;;
"أرجو إفادتي بالمستندات اللازمة لدراسة الملف والموعد المقترح للاستشارة. مع التقدير.""";Prêt pour substitution;;;;;;;
AUD-021;lib/services/immobilier.ts;Service Immobilier - Summary & Melkiya;في المناطق القروية يشكل الفرق بين رسم الملكية والرسم العقاري نقطة حاسمة. فرسم الملكية يُستند إليه في إثبات ملكية العقار غير المحفظ، بينما ينتج الرسم العقاري عن التحفيظ ويتضمن الحقوق المقيدة. كما يفحص المكتب الحيازة والتصاميم والحدود المادية في نزاعات التحديد ببنسليمان والشاوية.;Terminologie Juridique Marocaine;Majeur;'نقطة حاسمة' تعبير صحفي مترجم. وفي نزاعات التحديد ببنسليمان والشاوية، المصطلح العقاري الطبوغرافي الدقيق هو 'الأنصاب وعلامات التحديد والحدود المادية وتداخل الأوعية العقارية' وليس مجرد 'الحدود المادية'.;"يُشكل التمييز بين 'رسم الملكية العدلي' و'الرسم العقاري' فارقاً جوهرياً في النزاعات العقارية؛ فرسم الملكية يُعتمد لإثبات ملكية العقار غير المحفظ بشروط الحيازة المكسبة للملك، في حين يُنشأ الرسم العقاري إثر مسطرة التحفيظ وتُقيد به الحقوق العينية والتكاليف بشكل نهائي لا رجعة فيه. ويفحص المكتب شروط وضع اليد والتصاميم الهندسية والأنصاب في منازعات التحديد وتداخل الأراضي بإقليم بنسليمان ومنطقة الشاوية.";Prêt pour substitution
AUD-022;lib/services/immobilier.ts;Service Immobilier - Indivision Service Item;العقارات المشاعة والعقارات الموروثة: مواكبة تدبير العقارات المشاعة والخروج من الشياع والقسمة القضائية والربط بين القانون العقاري وقضايا الإرث.;Calque Français / Traduction Littérale GPT;Majeur;'الربط بين القانون العقاري وقضايا الإرث' ترجمة حرفية ركيكة لـ 'l’articulation entre droit immobilier et succession'. الصياغة تفتقر للمصطلحات القانونية الإجرائية المغربية الدقيقة: 'القسمة العينية'، 'القسمة بالمزاد العلني (التصفية)'، 'مطابقة الأنصبة الشرعية مع التقييدات بالرسم العقاري'.;الأملاك المشاعة والتركات العقارية: إدارة الأموال المشاعة، دعاوى الخروج من الشياع والقسمة القضائية (العينية أو بالتصفية والبيع بالمزاد العلني)، وتسوية التداخل المعقد بين الأنصبة الإرثية والقيود والتكاليف المقيدة بالرسوم العقارية.;Prêt pour substitution
AUD-023;lib/services/immobilier.ts;Service Immobilier - FAQ Vente en Indivision;هل يمكن بيع عقار على الشياع؟ يرتبط البيع والقسمة بحقوق كل شريك وإمكانية الاتفاق بينهم. وعند تعذر الاتفاق يمكن دراسة القسمة القضائية بعد التحقق من أصل الملكية وحصص الشركاء على الشياع.;Omission Règle Légale / Délai Procédural;Critique;جواب ناقص وضعيف جداً قانونياً! GPT أغفل قاعدتين جوهريتين في القانون المغربي (المادتان 27 و292 من مدونة الحقوق العينية): 1- المبدأ العام: 'لا يُجبر أحد على البقاء في الشياع'. 2- بيع الحصة المشاعة يخول للشريك حق ممارسة الشفعة داخل الأجل القانوني! الجواب الحالي مضلل ويبدو كأنه يتطلب موافقة جميع الشركاء لبيع الحصة.;"نعم، يحق لأي شريك تفويت حصته الشائعة دون حاجة لموافقة باقي الشركاء، مع ثبوت حق هؤلاء في ممارسة 'الشفعة' واسترداد الحصة المبيعة وفق شروط مدونة الحقوق العينية. أما لبيع العقار المشاع بأكمله فيشترط اتفاق جميع الشركاء، وإذا تعذر الاتفاق، فإنه 'لا يُجبر أحد على البقاء في الشياع'؛ ويحق لأي شريك رفع دعوى القسمة القضائية لفرز نصيبه عيناً أو بيع العقار بالمزاد العلني وتوزيع الثمن.";Prêt pour substitution
AUD-024;lib/services/foncier-rural.ts;Service Foncier Rural - Terres Melk Item;الأراضي الفلاحية ذات الملكية الخاصة: دراسة رسوم الملكية والحيازة والشهادات والتفويتات المتعاقبة، وربطها عند الاقتضاء بمسطرة التحفيظ العقاري.;Terminologie Juridique Marocaine;Majeur;في القانون العقاري المغربي لا تسمى 'الأراضي الفلاحية ذات الملكية الخاصة' بل تسمى 'أراضي الملك' أو 'العقارات الفلاحية غير المحفظة'. ويجب ذكر أركان رسم الملكية المعتبرة قانوناً: شروط الحيازة المكسبة للملك (وضع اليد، الاستمرار، النسبة إلى النفس، عدم المنازع)، واللفيف العدلي.;أراضي الملك والعقارات الفلاحية غير المحفظة: تدقيق رسوم الملكية العدلية، والتحقق من استيفاء شروط الحيازة المكسبة للملك (وضع اليد، الاستمرار، الهدوء، وانعدام النزاع)، ومراجعة سلسلة عقود التفويت السابقة، ومواكبة إيداع مطالب التحفيظ الفردية أو الجماعية لتطهير العقار وتأمينه.;Prêt pour substitution
AUD-025;lib/services/foncier-rural.ts;Service Foncier Rural - Soulaliyates Item;أراضي الجموع والأراضي السلالية: فحص وضع الأرض وصفة ذوي الحقوق والقرارات والوثائق الإدارية قبل أي منازعة أو تصرف.;Terminologie Juridique Marocaine;Critique;كلام عام مسطح لا يعكس المنظومة التشريعية المعقدة لأراضي الجموع الصادرة في 2019 (القوانين 62.17 و63.17 و64.17). يجب ذكر: مؤسسات الوصاية ('مجلس الوصاية الإقليمي والمركزي')، ونواب السلاليات، ومساطر إدراج ذوي الحقوق في اللوائح، وحق الانتفاع، ومسطرة التحديد الإداري.;أملاك الجماعات السلالية (أراضي الجموع): تدقيق لوائح ذوي الحقوق المقيدة، الطعن في قرارات نواب السلاليات أمام مجالس الوصاية الإقليمية والمركزية (القانون 62.17)، منازعات التحديد الإداري (القانون 63.17)، شروط الانتفاع العائلي وتمليك الأراضي السلالية البورية والمروية لفائدة الفلاحين.;Prêt pour substitution
AUD-026;lib/services/foncier-rural.ts;Service Foncier Rural - Expropriation Item;نزع الملكية والتعويض: دراسة المسطرة والإشعارات ومكونات العقار وخصائصه والعناصر المفيدة لمناقشة التعويض، دون استباق التقييم الذي قد تعتمده الجهة المختصة.;Calque Français / Traduction Littérale GPT;Majeur;عبارة 'دون استباق التقييم الذي قد تعتمده الجهة المختصة' ترجمة حرفية خائفة من GPT لـ 'sans préjuger de l'évaluation'. المحامي دوره منازعة تقييم الإدارة الهزيل أمام القضاء الإداري وفق القانون 7.81 لانتزاع التعويض العادل عن قيمة الأرض والمنشآت والأغراس.;قضايا نزع الملكية للمنفعة العامة: مراقبة شرعية مقررات إعلان المنفعة العامة والتخلي (القانون 7.81)، المنازعة القضائية في التعويضات التقديرية أمام المحكمة الإدارية، والمطالبة بالتعويض العادل عن القيمة الحقيقية للأرض الفلاحية والمنشآت والمغروسات وفقدان الاستغلال.;Prêt pour substitution
AUD-027;lib/services/foncier-rural.ts;Service Foncier Rural - FAQ Soulaliyate Appeal;كيف أطعن في قرار يخص أرضاً من أراضي الجموع؟ يجب أولاً تحديد الوضع الجماعي للأرض وصفة المعني والقرار أو الجهة المعنية. ثم توجه الوثائق العائلية والإدارية والعقارية نحو المسطرة المناسبة.;Omission Règle Légale / Délai Procédural;Critique;جواب فارغ ومبهم من GPT دون أي فائدة مهنية! المسطرة محددة بنصوص صريحة في القانون 62.17: الطعن في قرارات نواب السلالية يكون أمام مجلس الوصاية الإقليمي، ثم الطعن في قرارات هذا الأخير أمام مجلس الوصاية المركزي بوزارة الداخلية، مع إمكانية الطعن بالإلغاء لتجاوز السلطة أمام المحاكم الإدارية.;تتحدد مسطرة الطعن بحسب طبيعة القرار: إذا تعلق الأمر بنزاع حول صفة ذي حق أو توزيع حصص الانتفاع، يُرفع الطعن ضد قرارات نواب الجماعة أمام مجلس الوصاية الإقليمي (برئاسة عامل الإقليم)، وتستأنف قراراته أمام مجلس الوصاية المركزي بوزارة الداخلية وفق مقتضيات القانون 62.17. أما القرارات الإدارية الانفرادية المعيبة الصادرة عن سلطات الوصاية، فيتم الطعن فيها بالإلغاء لتجاوز السلطة أمام المحكمة الإدارية المختصة داخل أجل 60 يوماً من التبليغ.;Prêt pour substitution
AUD-028;lib/services/succession.ts;Service Succession - Related Links Label;ميراث الأراضي;Terminologie Juridique Marocaine;Majeur;مصطلح 'ميراث الأراضي' ركيك جداً ومترجم حرفياً عن 'successions rurales / héritage des terres'. في الفقه القانوني والقضائي المغربي يقال: 'قسمة التركات الفلاحية' أو 'التركات العقارية القروية'.;قسمة التركات والعقارات الفلاحية;Prêt pour substitution
AUD-029;lib/services/succession.ts;Service Succession - Summary & Rural Estate;استئثار وارث بالأرض أو المداخيل، منع الولوج، غموض الحدود أو الخلاف حول البيع. لذلك يربط المكتب حقوق الإرث بالوضع العقاري والواقع القروي للأرض.;Calque Français / Traduction Littérale GPT;Majeur;'منع الولوج' ترجمة حرفية لـ 'refus d'accès'. التعبير القانوني المغربي السليم هو: 'منع الشركاء من الحيازة والانتفاع'. و'غموض الحدود' تعبير غير فني، والصواب: 'عدم إفراز الأنصبة وتداخل أوعية الاستغلال'.;استئثار أحد الورثة باستغلال الأرض أو تحصيل مداخيلها وغلالها دون باقي الشركاء، وحرمانهم من حقوقهم في الانتفاع، وتعذر قسمة الضيعة دون الإضرار بوحدتها الاقتصادية. يوفق المكتب بين أحكام مدونة الأسرة وقواعد التشريع العقاري لحماية أنصبة الورثة دون تعطيل استغلال الأرض.;Prêt pour substitution
AUD-030;lib/services/succession.ts;Service Succession - FAQ Partage Ferme;هل يمكن تقسيم الضيعة دون توقيف استغلالها؟ يتوقف ذلك على شكل الضيعة ووضع الأرض واتفاق الورثة. وقد يكون الإسناد مع التعويض أو تنظيم الاستغلال باتفاق أو حل آخر أنسب من التقسيم المادي للحفاظ على الوحدة الاقتصادية.;Terminologie Juridique Marocaine;Critique;تعبير وصفي عام لأن GPT يجهل المصطلحات القانونية الدقيقة لمدونة الحقوق العينية المغربية (المادتان 317 و320): الحل القانوني هنا يسمى صراحة 'قسمة المهايأة' (partage provisionnel de jouissance: مهايأة مكانية أو زمانية) أو 'إسناد الاستغلال لأحد الورثة مع أداء مُعدَّل القسمة (soulte)'!;نعم، يجيز القانون المغربي اللجوء إلى 'قسمة المهايأة' (المهايأة المكانية بتوزيع الاستغلال على أجزاء مفرزة، أو الزمانية بتناوب الاستغلال دورياً) لتفادي وقف النشاط الفلاحي، أو اتفاق الورثة على إسناد تسيير الضيعة لأحدهم مقابل أداء 'مُعدَّل القسمة' أو توزيع سنوي موثق للأرباح، حمايةً للوحدة الاقتصادية والإنتاجية للعقار الفلاحي.;Prêt pour substitution
AUD-031;lib/services/fiscal.ts;Service Fiscal - Rectification Service Item;مسطرة تصحيح الضرائب: دراسة أسباب التصحيح والمبالغ وطريقة الاحتساب، ثم إعداد جواب معلل يستند إلى الوقائع والوثائق المتوفرة.;Omission Règle Légale / Délai Procédural;Critique;إغفال الأجل المسطري الجوهري الذي تسقط به حقوق الملزم في المغرب! المادة 220 من المدونة العامة للضرائب (CGI) تفرض أجلاً صارماً غير قابل للتمديد مدته 30 يوماً من تاريخ تسلم رسالة التبليغ الأولى للرد بملاحظات معللة، وإلا فرضت الضريبة تلقائياً دون إمكانية للمنازعة في الأساس!;مسطرة فحص المحاسبة والتصحيح الضريبي: فحص التعديلات المقترحة من إدارة الضرائب، وصياغة الجواب القانوني المدعم بالحجج المحاسبية والوثائقية على رسالة التبليغ الأولى والثانية داخل الأجل القانوني الصارم المحدد في 30 يوماً (المادتان 220 و221 من المدونة العامة للضرائب)، تفادياً لفرض الضريبة بصورة تلقائية.;Prêt pour substitution
AUD-032;lib/services/fiscal.ts;Service Fiscal - Commissions Item;المطالبات والطعون الضريبية: إعداد المطالبات وتتبع جواب الإدارة وتحديد الجهة أو اللجنة أو المحكمة المختصة بحسب مرحلة الملف.;Terminologie Juridique Marocaine;Majeur;كلام عائم من GPT يجهل تسميات اللجان الضريبية في المغرب المنصوص عليها في المادتين 225 و226 من المدونة العامة للضرائب: 'اللجنة المحلية لتقدير الضريبة (CLT)' و'اللجنة الوطنية للنظر في الطعون المتعلقة بالضريبة (CNRF)'.;المطالبات التنازعية واللجان الضريبية: إعداد الشكايات التنازعية أمام المدير العام للضرائب، وإحالة الملفات والترافع أمام اللجان الضريبية المختصة: اللجنة المحلية لتقدير الضريبة (CLT) واللجنة الوطنية للنظر في الطعون المتعلقة بالضريبة (CNRF).;Prêt pour substitution
AUD-033;lib/services/fiscal.ts;Service Fiscal - Contentieux Devant les Tribunaux;المنازعات الضريبية أمام القضاء: التمثيل في النزاعات المتعلقة بوعاء الضريبة أو التحصيل أو الجزاءات أو مدى احترام الإدارة للمسطرة.;Terminologie Juridique Marocaine;Majeur;"عبارة 'مدى احترام الإدارة للمسطرة' ركيكة؛ في القضاء الإداري المغربي الدفع الأساسي هو: 'بطلان المسطرة الضريبية لمس الضمانات الجوهرية للملزم' أو 'سقوط حق الإدارة في الفرض بالتقادم الرباعي'. وفي التحصيل: مساطر مدونة تحصيل الديون العمومية (القانون 15.97: الإشعار للغير الحائز ATD والإنذار القانوني).";القضاء الشامل الضريبي وإلغاء الجداول: مقاضاة إدارة الضرائب أمام المحاكم الإدارية للمطالبة بإبطال الجداول الضريبية لعيب في المسطرة أو لسقوط الحق بالتقادم، والتصدي لإجراءات التحصيل الجبري غير المشروعة (الإشعار للغير الحائز ATD، والحجوزات البنكية والعقارية من لدن قباضة الخزينة العامة).;Prêt pour substitution
AUD-034;lib/services/administratif.ts;Service Administratif - Recours pour Excès de Pouvoir;دعوى الإلغاء بسبب تجاوز السلطة: فحص اختصاص مصدر القرار وشكله وأسبابه والغاية منه ومدى احترامه للقانون قبل طلب إلغائه أمام المحكمة الإدارية.;Terminologie Juridique Marocaine;Majeur;تعداد مبسّط لأوجه الطعن دون ذكر الأساس المسطري المغربي الصارم (المادة 20 وما يليها من القانون 41.90 المحدث للمحاكم الإدارية) ومسطرة التظلم المسبق ووقف تنفيذ القرار الإداري (المادة 24).;دعوى الإلغاء لتجاوز السلطة ومسطرة وقف التنفيذ: صياغة مقالات الطعن بالإلغاء أمام المحاكم الإدارية ومحاكم الاستئناف الإدارية تأسيساً على عيب عدم الاختصاص، أو عيب الشكل والإجراءات، أو انعدام التعليل ومخالفة القانون، أو الانحراف في استعمال السلطة، مع المطالبة بالوقف الاستعجالي لتنفيذ القرارات الإدارية الماسة بالحقوق (المادة 24 من القانون 41.90).;Prêt pour substitution
AUD-035;lib/services/administratif.ts;Service Administratif - FAQ Délai Recours;ما أجل رفع دعوى الإلغاء بسبب تجاوز السلطة؟ يخضع طعن الإلغاء من حيث المبدأ لأجل ستين يوماً، غير أن تاريخ بداية الأجل والقواعد الخاصة يجب التحقق منها بالنسبة إلى كل قرار.;Omission Règle Légale / Délai Procédural;Critique;جواب مبتور يعكس عجز GPT عن تفصيل المادة 23 من القانون 41.90: يبدأ احتساب أجل 60 يوماً من تاريخ النشر أو التبليغ. ولكن في حال تقديم تظلم استعطافي/رئاسي، فإن سكوت الإدارة لمدة 60 يوماً يعتبر رفضاً ضمنياً يفتح أجلاً جديداً مدته 60 يوماً لرفع الدعوى. إغفال هذه الآلية يورط المتقاضين في فوات الآجال وسقوط الدعوى شكلاً!;"يُرفع طعن الإلغاء بسبب تجاوز السلطة داخل أجل 60 يوماً من تاريخ نشر أو تبليغ القرار الإداري المطعون فيه (المادة 23 من القانون 41.90). وإذا بادر المعني بالأمر إلى تقديم تظلم إداري (استعطافي أو رئاسي) داخل هذا الأجل، فإن أجل رفع الدعوى يتجدد؛ حيث يبدأ سريان أجل 60 يوماً جديد إما من تاريخ تبليغ الرفض الصريح للتظلم، أو من تاريخ انقضاء 60 يوماً على إيداع التظلم دون جواب (إذ يُعتبر سكوت الإدارة بمثابة رفض ضمني يفتح أجل الطعن القضائي).";Prêt pour substitution
AUD-036;lib/guides/property.ts;Guide Immatriculation - Section Procedure & Bornage;التحديد عملية طبوغرافية وإجراء للإشهار وبحث ميداني في آن واحد... فحص الرهون والحجوزات والارتفاقات وباقي التقييدات المفيدة.;Terminologie Juridique Marocaine;Majeur;في ظهير التحفيظ العقاري (الفصل 19 وما يليه)، التحديد ليس مجرد إجراء، بل هو 'عملية قانونية وقضائية تمهيدية وهندسية ينجزها المهندس المساح الطبوغرافي المنتدب بوضع الأنصاب وتضمين تصريحات المتعرضين والحائزين في محضر التحديد'.;"يُعد التحديد القانوني حجر الزاوية في مسطرة التحفيظ؛ فهو عملية هندسية وإشهارية وبحث قانوني ميداني ينجزه المهندس المساح الطبوغرافي المنتدب بوضع الأنصاب الحديدية وضبط الحدود، وتلقي ملاحظات المجاورين وتضمين التعرضات في محضر التحديد الرسمي. ويجب تدقيق شهادة الملكية والتحملات العقارية للتأكد من خلو الرسم العقاري من الرهون الرسمية، أو الحجوزات التحفظية والتنفيذية، أو الأوامر العقارية بالتقييد الاحتياطي.";Prêt pour substitution
AUD-037;lib/guides/property.ts;Guide Expropriation - Phases & Indemnité;مراحل مسطرة نزع الملكية: تبدأ المسطرة بإجراءات إدارية تهدف إلى تقرير المنفعة العامة... تحديد المقرر المرتبط بالمنفعة العامة وتصميم المشروع.;Terminologie Juridique Marocaine;Majeur;تسمية القرارات غير مطابقة للنصوص الرسمية لقانون نزع الملكية 7.81 بالمغرب: تسمى 'مقرر إعلان المنفعة العامة' (Acte déclaratif d’utilité publique) يليه 'مقرر التخلي' (Arrêté de cessibilité) المنشورين بالجريدة الرسمية، والمرفقين بـ 'التصميم التجزيئي لوعاء المشروع'.;"تنقسم مسطرة نزع الملكية للمنفعة العامة (القانون 7.81) إلى مرحلتين: مرحلة إدارية تتوج بصدور 'مقرر إعلان المنفعة العامة' ثم 'مقرر التخلي' بالجريدة الرسمية والجرائد الوطنية مصحوبين بالتصميم التجزيئي لمساحة العقار المنزوع؛ تليها مرحلة قضائية أمام المحكمة الإدارية تتضمن أمرين قضائيين: الأمر بالإذن بالحيازة مقابل إيداع التعويض الاحتياطي، والحكم بنقل الملكية وتحديد التعويض النهائي العادل بعد إجراء خبرة قضائية طبوغرافية وعقارية متخصصة.";Prêt pour substitution
AUD-038;lib/guides/property.ts;Guide Opposition - Formalités & Frais;يقدم التعرض أولاً في إطار مسطرة التحفيظ. وإذا لم تتم تسوية النزاع وتوفرت الشروط القانونية، فقد يحال الملف على المحكمة المختصة... التحقق من الإحالة ومراجع الملف القضائي.;Omission Règle Légale / Délai Procédural;Critique;إغفال خطير ومصيدة قانونية شائعة يقع فيها المتقاضون في المغرب! الفصل 32 من ظهير التحفيظ العقاري ينص على أن المتعرض ملزم بأداء الوجيبة القضائية ورسوم التعرض وحقوق المرافعة داخل أجل 3 أشهر من تاريخ انتهاء أجل التعرض، وإلا قرر المحافظ على الأملاك العقارية تلقائياً إلغاء التعرض واعتباره كأن لم يكن! عدم ذكر هذا الشرط في دليل قانوني صادر عن مكتب محامٍ يعتبر تقصيراً فادحاً.;"يقدم التعرض أمام المحافظة العقارية أثناء سريان أجل التعرض (شهران من نشر خلاصة المطلب بالجريدة الرسمية) أو استثنائياً كتعرض استثنائي قبل اختتام المسطرة. ويشترط الفصل 32 من ظهير التحفيظ العقاري وجوب أداء الرسوم القضائية وحقوق المرافعة بصندوق المحافظة داخل أجل 3 أشهر من انتهاء أجل التعرض، تحت طائلة إلغاء التعرض تلقائياً من طرف المحافظ؛ وإذا تعذر الصلح، يُحال ملف المطلب والتعرضات بحكم القانون على المحكمة الابتدائية للبت في صحة أو عدم صحة الحق المدعى به من طرف المتعرض.";Prêt pour substitution
AUD-039;lib/guides/rural.ts;Guide Soulaliyates - Droits et Tutelle;تخضع أملاك الجماعات السلالية لنظام خاص يختلف عن الملكية الخاصة... لا تعني صفة ذي الحق أو الاستفادة من الانتفاع وجود ملكية خاصة قابلة للتفويت بحرية.;Terminologie Juridique Marocaine;Majeur;الصياغة مقبولة في جوهرها لكنها لا تذكر المفاهيم المحورية للقانون 62.17: 'عدم قابلية أراضي الجموع للتقادم أو الحجز أو البيع' (imprescriptibles, insaisissables et inaliénables)، والشروط الجديدة لإدراج الإناث والذكور على قدم المساواة، ومسطرة 'تمليك الأراضي السلالية البورية والمروية' للانتفاع الفلاحي الفردي.;تتميز أملاك الجماعات السلالية (القانون 62.17) بمبدأ قانوني آمر هو عدم قابليتها للتفويت، أو الحجز، أو الاكتساب بالتقادم. ويقتصر حق ذوي الحقوق (ذكوراً وإناثاً على حد سواء) على 'حق الانتفاع' الفردي أو الجماعي غير القابل للتصرف إلا في إطار القواعد المسطرية المعتمدة قانوناً، مع إمكانية ولوج مسطرة تمليك الأراضي الفلاحية المخصصة للمستغلين ذوي الحقوق لتمكينهم من رسوم ملكية خاصة مطهرة.;Prêt pour substitution
AUD-040;lib/guides/rural.ts;Guide Indivision - Partage Judiciaire & Licitation;القسمة القضائية والبيع بالمزاد: إذا تعذرت قسمة العقار بما يسمح لكل طرف بالانتفاع بحقه، فقد يتم اللجوء إلى البيع بالمزاد وفق المسطرة.;Terminologie Juridique Marocaine;Majeur;تعبير 'البيع بالمزاد وفق المسطرة' مبهم وعامي. في قانون المسطرة المدنية المغربي (الفصول 469 إلى 487) ومدونة الحقوق العينية (المادة 318): الإجراء هو 'البيع بالمزاد العلني للتصفية (Licitation)'، الذي يقتضي وضع 'دفتر شروط التحملات' بكتابة ضبط المحكمة، وتحديد الثمن الافتتاحي للسمسرة بناء على خبرة تقييم قضائية، وإجراء الإشهار القانوني بالجرائد وتعليق الإعلانات.;"القسمة القضائية والبيع بالتصفية بالمزاد العلني: إذا ثبت بتقرير الخبرة القضائية تعذر قسمة العقار عيناً دون إلحاق نقص كبير في قيمته أو منفعته، تأمر المحكمة بالقسمة عن طريق التصفية؛ أي بيع العقار كاملاً بالمزاد العلني بمقر المحكمة الابتدائية استناداً إلى دفتر شروط التحملات المودع بكتابة الضبط، وتوزيع حاصل البيع والمصاريف على الشركاء كل حسب حصته في الملكية.";Prêt pour substitution
AUD-041;lib/guides/rural.ts;Guide Melkiya - Conditions de la Possession;الفرق بين رسم الملكية والرسم العقاري: رسم الملكية وثيقة يُستند إليها لإثبات ملكية عقار غير محفظ، أما الرسم العقاري فينشأ بعد التحفيظ ويتضمن الحقوق المقيدة.;Terminologie Juridique Marocaine;Critique;تعريف سطحي جداً لا يوضح ماهية 'رسم الملكية' في الفقه المالكي والتشريع العقاري المغربي (المادة 18 من مدونة الحقوق العينية). إثبات الملك في العقار غير المحفظ يقتضي شرعاً وقانوناً استيفاء شروط الحيازة المشهود بها بلفيف عدلي (12 شاهداً): وضع اليد، التصرف كتصرف المالك، النسبة إلى النفس، عدم المنازع، واستمرار الحيازة مدة 10 سنوات (أو 40 سنة بين الأقارب). عدم ذكر هذه الشروط يجعل الدليل فقيراً قانونياً.;رسم الملكية العدلي هو حجة شرعية مستفيضة يحررها عدلان وتخاطب عليها المحكمة، لإثبات ملكية عقار غير محفظ وفق مقتضيات المادة 18 من مدونة الحقوق العينية. ويشترط لصحتها ثبوت شروط الحيازة المكسبة للملك باللفيف العدلي (12 شاهداً)، وهي: وضع اليد على العقار، والتصرف فيه كتصرف المالك في ملكه، ونسبته إلى النفس والناس ينسبونه إليه، والهدوء بانعدام المنازع، واستمرار الحيازة دون انقطاع مدة 10 سنوات كاملة في حق الأجانب (و40 سنة بين الأقارب والشركاء). أما الرسم العقاري فهو سند نهائي تصدره المحافظة العقارية يطهر العقار من كل الشوائب والحقوق غير المقيدة.;Prêt pour substitution
AUD-042;lib/guides/tax-and-inheritance.ts;Guide Contrôle Fiscal - Procédure et Délais;تحديد طبيعة الإجراء والأجل: تُقرأ المراسلة كاملة لتحديد الضريبة والفترة والأسباب والمبالغ وكيفية الجواب وطرق الطعن. كما يجب حفظ تاريخ التوصل ووسيلة التبليغ.;Omission Règle Légale / Délai Procédural;Critique;الدليل لا يذكر الآجال الحاسمة المنصوص عليها في المادتين 220 و221 من المدونة العامة للضرائب: أجل 30 يوماً للجواب على رسالة التبليغ الأولى، وأجل 30 يوماً للمنازعة في رسالة التبليغ الثانية وطلب الإحالة على اللجنة المحلية لتقدير الضريبة (CLT). عدم ذكر 30 يوماً في دليل عن المراقبة الضريبية يعتبر نقصاً علمياً فادحاً في الممارسة القانونية بالمغرب.;"ضبط نوع الإشعار والآجال المسطرية الصارمة: تبدأ مسطرة التصحيح بتوجيه رسالة التبليغ الأولى (L1) المحددة لأوجه التصحيح، ويلزم الخاضع للضريبة بالرد بملاحظاته داخل أجل قانوني قاطع مدته 30 يوماً من تاريخ التوصل؛ وفي حال عدم موافقة الإدارة على ردود الملزم، توجه إليه رسالة التبليغ الثانية (L2)، والتي تمنحه بدقة أجلاً ثانياً مدته 30 يوماً لإبداء قبوله أو تقديم طعنه أمام اللجنة المحلية لتقدير الضريبة (CLT) أو اللجنة الوطنية (CNRF). وتفويت هذه الآجال يترتب عنه فرض الضريبة تلقائياً وسقوط حق المنازعة.";Prêt pour substitution
AUD-043;lib/guides/tax-and-inheritance.ts;Guide Héritage - Liquidation & Ordre des Droits;حصر التركة وتصفيتها قبل القسمة: تهدف التصفية إلى تحديد مكونات التركة ومعالجة العمليات التي تسبق القسمة. لذلك تُطابق الوثائق البنكية والضريبية والتعاقدية والعقارية.;Terminologie Juridique Marocaine;Majeur;الدليل يغفل الترتيب الشرعي والقانوني الآمر للحقوق المتعلقة بالتركة المنصوص عليه في المادة 322 من مدونة الأسرة المغربية، وهو الترتيب الإلزامي الذي لا تجوز القسمة قبله: 1. الحقوق المتعلقة بعين التركة (كالرهون)، 2. مؤن التجهيز والجنازة، 3. قضاء ديون الميت، 4. تنفيذ الوصية الصحيحة في حدود الثلث، 5. قسمة الباقي على الورثة حسب الفروض والعصبات.;"تصفية التركة وفق الترتيب الإلزامي لمدونة الأسرة: تنص المادة 322 من مدونة الأسرة على عدم جواز قسمة أموال التركة إلا بعد استيفاء الحقوق الترتيبية الآتية وجوباً: أولاً: سداد الحقوق العينية المتعلقة بالتركة (كالرهون والحقوق التبعية)؛ ثانياً: استيفاء مؤن تجهيز المتوفى وجنازته بالمعروف؛ ثالثاً: قضاء ديون الميت الثابتة في ذمته؛ رابعاً: تنفيذ الوصايا الصحيحة النافذة في حدود ثلث التركة؛ وخامساً: قسمة صافي التركة بين المستحقين وفق الفروض والعصوبات الشرعية المعتمدة في رسم الإراثة.";Prêt pour substitution
AUD-044;lib/guides/land-disputes.ts;Guide Caveat (Prénotation) - Durées et Fondements;تختلف مدته بحسب استناده إلى سند أو مقال دعوى أو أمر قضائي... لا ينبغي اعتماد أجل متداول دون التحقق من سند التقييد وتاريخه والإجراءات التي اتخذت بعده.;Omission Règle Légale / Délai Procédural;Critique;غموض وعجز تام من GPT عن سرد المدد القانونية للتقييد الاحتياطي بالمغرب المقررة صراحة في الفصلين 85 و86 من ظهير التحفيظ العقاري (المعدل بالقانون 14.07): 1- التقييد بناء على سند: مدته 10 أيام فقط! 2- التقييد بناء على أمر رئيس المحكمة الابتدائية: مدته شهر واحد، يمدد بأمر قضائي إلى 6 أشهر كحد أقصى إذا رفعت دعوى في الموضوع. 3- التقييد بناء على مقال افتتاحي لدعوى في الموضوع: يسري مفعوله طيلة أمد التقاضي حتى صدور حكم حائز لقوة الشيء المقضي به! كتمان هذه المدد يضر بسمعة الدليل المهنية.;"تحدد الفصول 85 و86 و86 مكرر من ظهير التحفيظ العقاري الآجال القانونية الدقيقة للتقييد الاحتياطي بحسب سنده: أولاً: التقييد الاحتياطي بناء على سند رسمي أو عرفي تعذر تقييده نهائياً، ومدته 10 أيام فقط؛ ثانياً: التقييد الاحتياطي بناء على أمر على عريضة صادر عن رئيس المحكمة الابتدائية، وتحدده المادة في شهر واحد يسقط بانتهاء مدته ما لم ترفع دعوى في الموضوع ويصدر أمر بالتمديد لمدة لا تتجاوز 6 أشهر؛ ثالثاً: التقييد الاحتياطي بناء على نسخة من مقال افتتاحي لدعوى في الموضوع مسجلة نظامياً بصندوق المحكمة، ويستمر أثره الوقائي طيلة مجريات النزاع القضائي إلى حين صدور حكم نهائي مكتسب لقوة الشيء المقضي به.";Prêt pour substitution
AUD-045;lib/guides/land-disputes.ts;Guide Chafaa - Délais et Consignation du Prix;ما أجل ممارسة الشفعة؟ يتوقف الاحتساب على التبليغ والوضع القانوني للعقار وكيفية إشهار البيع. ونظراً لاحتمال اختلاف نقطة البداية، يجب فحص الوثائق والتواريخ فوراً.;Omission Règle Légale / Délai Procédural;Critique;تجنب فاضح من GPT لذكر الآجال المسقطة لحق الشفعة في مدونة الحقوق العينية (المادة 304 و306)! الآجال حاسمة: 30 يوماً من تاريخ التبليغ الرسمي بالبيع مرفقاً بنسخة العقد، أو سنة كاملة من تاريخ التقييد في الرسم العقاري في حالة انعدام التبليغ، أو 4 سنوات في العقار غير المحفظ من تاريخ إبرام العقد. وإلزامية إيداع الثمن والمصروفات بصندوق المحكمة عند رفع الدعوى وإلا سقط الحق في الشفعة! إغفال هذا يعد خطأ فادحاً.;"حددت المادتان 304 و306 من مدونة الحقوق العينية آجالاً صارمة تسقط بها الشفعة: أولاً: يسقط الحق في الشفعة بمرور 30 يوماً كاملة من تاريخ التوصل بتبليغ رسمي للبيع من المشتري أو الشريك مشفوعاً بنسخة من عقد الشراء؛ ثانياً: في حال عدم التبليغ، يسقط الحق بمرور سنة كاملة من تاريخ تقييد البيع بالرسم العقاري (أو 4 سنوات من تاريخ العقد في العقار غير المحفظ). ويشترط القانون وجوب إيداع الشفيع للثمن الحقيقي الظاهر في العقد والمصروفات التقديرية بصندوق المحكمة داخل أجل 30 يوماً من تاريخ المطالبة أو رفع الدعوى تحت طائلة الحكم بسقوط حقه في الشفعة.";Prêt pour substitution
AUD-046;lib/guides/land-disputes.ts;Guide Dépossession - Article 570 CP et Référé;يعاقب الفصل 570 من القانون الجنائي على انتزاع عقار من حيازة الغير متى توفرت شروطه. ولا يتحقق ذلك تلقائياً في كل خلاف حول الحدود أو نزاع عائلي، إذ يلزم إثبات الوقائع والعناصر القانونية المطلوبة.;Terminologie Juridique Marocaine;Majeur;الدليل لا يوضح الأركان القانونية الدقيقة لجنحة الفصل 570 من القانون الجنائي المغربي: 'انتزاع عقار من حيازة شخص يضع يده عليه حيازة هادئة وعلنية، إما باستعمال العنف، أو التهديد، أو التسلق، أو الكسر، أو خلسة أو بالتدليس'. كما يغفل ذكر البديل المدني السريع: 'دعوى استرداد الحيازة' (Réintégrande) أمام قاضي المستعجلات أو قاضي الموضوع داخل أجل سنة من تاريخ واقعة الانتزاع (الفصل 166 من ق.م.م).;"تقتضي المتابعة الزجرية بناء على الفصل 570 من القانون الجنائي إثبات ثلاثة أركان تراكمية: 1. ثبوت الحيازة المادية الفعلية والهادئة للضحية على العقار؛ 2. انتزاع العقار وسلب الحيازة بطرق محددة حصراً: العنف، التهديد، الكسر، التسلق، خلسة، أو باستعمال التدليس؛ 3. القصد الجنائي. وبالتوازي مع الشكاية الجنائية، يتيح قانون المسطرة المدنية (الفصل 166) سلوك الطريق المدني الاستعجالي عبر 'دعوى استرداد الحيازة' أمام رئيس المحكمة الابتدائية شريطة رفعها داخل أجل سنة واحدة من واقعة سلب الحيازة لإعادة الحالة إلى ما كانت عليه فوراً.";Prêt pour substitution
AUD-047;lib/guides/land-disputes.ts;Guide Encroachment - Empiètement vs Voie de Fait;الترامي على ملك الغير في المغرب: كيف تحمون أرضكم؟ / يستلزم تجاوز سور أو سياج أو بناء لحدود العقار إثبات الحق المدعى به وتحديد موقع الحد الفاصل بدقة.;Terminologie Juridique Marocaine;Majeur;خلط شائع في أدبيات GPT بين 'الترامي' (الذي يعني الغصب والاستيلاء على العقار بالكامل وفق المفهوم الجنائي) و'التعدي على حدود العقار والارتفاق بالبناء في ملك الغير' (Empiètement). المواد 237 و238 من مدونة الحقوق العينية تؤطر بدقة أحكام 'البناء أو الغرس في ملك الغير بحسن نية أو بسوء نية': للمالك طلب الإزالة والهدم على نفقة المعتدي مع التعويض، أو استبقاء المنشآت بأداء قيمتها.;"التعدي على حدود العقار والبناء في ملك الغير: يؤطر القانون المدني والعقاري المغربي (المادتان 237 و238 من مدونة الحقوق العينية) حالات تجاوز الحدود وإقامة منشآت على عقار الجار؛ فإذا كان الباني سيئ النية وعالماً بتعديه، كان لمالك العقار الخيار بين إلزامه بهدم ما أحدثه وإرجاع الحالة إلى ما كانت عليه مع التعويض عن الضرر، أو استبقاء الأبنية مقابل دفع قيمتها مستحقة القلع؛ أما إذا كان حسن النية، فلا يُحكم بالهدم إذا كانت كلفته غير متناسبة بل يُلزم بدفع تعويض عادل عن قيمة المساحة المقتطعة.";Prêt pour substitution
AUD-048;lib/guides/land-disputes.ts;Guide Vente du Bien d'Autrui - Article 485 DOC;هل بيع ملك الغير باطل دائماً في المغرب؟ تحدد آثاره وفق قانون الالتزامات والعقود ووضع المالك الحقيقي ومضمون العقد والنظام العقاري. ولا يصح إعطاء جواب آلي دون فحص الملف.;Terminologie Juridique Marocaine;Majeur;"جواب متهرب من GPT لا يجرؤ على ذكر نص الفصل 485 من قانون الالتزامات والعقود (DOC): بيع ملك الغير يقع باطلاً وموقوفاً على إقرار المالك؛ فإن أقر المالك البيع أو كسب البائع ملكية المبيع لاحقاً صح العقد؛ وإن رفض المالك، كان للمشتري المطالبة بفسخ العقد واسترداد الثمن مع التعويض إن كان حسن النية. وفي العقار المحفظ، تحكم المادة 66 من ظهير التحفيظ العقاري أثر حسن النية والتقييد بالسجلات العقارية.";"يقرر الفصل 485 من قانون الالتزامات والعقود حكماً صريحاً: بيع ملك الغير يقع باطلاً بالنسبة للمالك الحقيقي الذي لم يأذن به، إلا إذا أقره لاحقاً أو انتقلت ملكية العقار إلى البائع بعد العقد؛ وإذا رفض المالك الحقيقي الإقرار، فإنه يحق له رفع دعوى إبطال العقد والتشطيب على أي تقييد ناتج عنه واسترجاع عقاره، بينما يحق للمشتري حسن النية الرجوع على البائع لاسترداد الثمن ومطالبته بالتعويض عن الضرر؛ أما في العقار المحفظ، فإن حجية التقييدات تفرض مراعاة مقتضيات الفصل 66 من ظهير التحفيظ العقاري لحماية المشتري المقيد بحسن نية.";Prêt pour substitution
AUD-049;lib/guides/land-disputes.ts;Guide Revendication - Preuve et Règles de Tarjih;"دعوى الاستحقاق في القانون المغربي: إثبات الملكية وتحديد العقار... تختلف حجية الوثيقة بحسب النظام القانوني للعقار والسياق؛ فرسم الملكية لا ينتج الآثار نفسها التي ينتجها الرسم العقاري.";Terminologie Juridique Marocaine;Critique;الدليل يعالج دعوى الاستحقاق بكلام إنشائي دون التطرق لـ 'قواعد الترجيح بين الحجج والرسوم المتعارضة' المنصوص عليها في المادتين 14 و39 من مدونة الحقوق العينية المستمدة من الفقه المالكي الأصيل المعمول به أمام محاكم المملكة: ترجيح الحجة المشهودة على مجرد الحيازة، ترجيح البينة الناقلة للملك على البينة المبقية، ترجيح الأسبق تاريخاً في عقود التفويت من نفس المالك، وقوة الرسم العقاري المكتسب للحجية المطلقة إزاء الكافة.;"تعتبر دعوى الاستحقاق العقارية أهم دعاوى الملكية، ويخضع الفصل فيها لقواعد الترجيح الصارمة المقررة في مدونة الحقوق العينية وقضاء محكمة النقض المغربية: فإذا كان العقار محفظاً، حسم الرسم العقاري النزاع بحجيته القاطعة التي لا تقبل أي حجة تعارضه؛ أما في العقار غير المحفظ، فتطبق المحكمة قواعد الفقه العقاري الأصيل: تُرجح الحجة المثبتة للملك المستوفية لشروط الحيازة على مجرد وضع اليد العاري، وتُرجح البينة الناقلة للملك على البينة المبقية، وفي حال تعارض وثيقتي ملكية صادرتين عن مالك واحد، تُرجح الحجة الأسبق تاريخاً المقترنة بالحيازة الفعلية دون نزاع.";Prêt pour substitution
AUD-050;app/[lang]/guides/page.tsx;Guides Hub - Title & Category Badges;الدليل القانوني لمكتب الرويسي: فهم الوضع القانوني قبل اختيار الإجراء... أدلة عملية حول القضايا العقارية والفلاحية والإرثية والإدارية والضريبية...;Style, Syntaxe & Grammaire;Mineur;تعبير 'الإرثية' ثقيل وركيك ومصطنع لغوياً. الأصح والأفصح في المعاجم القانونية واللغة العربية القضائية هو: 'قضايا التركات والمواريث'. كما أن العنوان 'فهم الوضع القانوني قبل اختيار الإجراء' أقرب إلى ترجمة فرنسية مستحدثة.;الدليل القانوني لمكتب الأستاذ عبد الرزاق الرويسي: الإحاطة بالأحكام القانونية والمساطر القضائية قبل مباشرة الإجراء... أدلة قانونية عملية وشاملة في قضايا التحفيظ العقاري، والعقار الفلاحي، وتصفية التركات، والمنازعات الجبائية والإدارية بالمغرب.;Prêt pour substitution
