"Priorite","Mot_cle","Sens_FR","Langue","Groupe_annonces_suggere","Volume_mensuel_Maroc","CPC_USD_indicatif","CPC_USD_brut_Ubersuggest","Concurrence_Ads_PD_100","Difficulte_SEO_SD_100","Intention_Ubersuggest","Intention_analysee","Potentiel_contact_estime","Mot_cle_Ads_exact","Source_mesures","Date_collecte","Dernier_mois_historique","Date_cache_suggestion","Raison"
"P1","محامي عقاري","Avocat immobilier","ar","Immobilier AR","70","0.83","0.83","7","3","Commercial","Contact explicite","Très fort","[محامي عقاري]","Ubersuggest keyword_overview","2026-10-09","202604","2026-04-14","70 recherches/mois ; spécialité exacte ; concurrence Ads 7/100."
"P1","محامي مختص في العقار الدار البيضاء","Avocat spécialisé en immobilier à Casablanca","ar","Immobilier Casablanca AR","70","0.16","0.16","11","8","Commercial","Contact explicite","Très fort","[محامي مختص في العقار الدار البيضاء]","Ubersuggest keyword_overview","2026-10-09","202511","2025-12-01","70 recherches/mois ; spécialité et ville ; concurrence Ads 11/100."
"P1","avocat immobilier casablanca","Avocat immobilier à Casablanca","fr","Immobilier Casablanca FR","70","0.82","0.82","31","11","Commercial","Contact explicite","Très fort","[avocat immobilier casablanca]","Ubersuggest keyword_overview","2026-10-09","202512","2025-12-15","70 recherches/mois ; spécialité et ville ; concurrence Ads 31/100."
"P1","محامي عقار","Avocat foncier / immobilier","ar","Immobilier AR","70","","0","12","22","","Contact explicite","Très fort","[محامي عقار]","Ubersuggest keyword_overview","2026-10-09","202605","2026-04-06","70 recherches/mois ; demande explicite d’un avocat ; concurrence Ads 12/100."
"P1","محامي عقارات","Avocat immobilier","ar","Immobilier AR","50","1.475","1.475","9","21","","Contact explicite","Très fort","[محامي عقارات]","Ubersuggest keyword_overview","2026-10-09","202609","2026-04-06","50 recherches/mois ; spécialité précise ; concurrence Ads 9/100."
"P1","avocat droit immobilier casablanca","Avocat en droit immobilier à Casablanca","fr","Immobilier Casablanca FR","30","0.575","0.575","48","20","","Contact explicite","Très fort","[avocat droit immobilier casablanca]","Ubersuggest keyword_overview","2026-10-09","202607","2026-04-06","30 recherches/mois ; spécialité et ville ; concurrence Ads plus élevée à 48/100."
"P1","avocat droit immobilier","Avocat en droit immobilier","fr","Immobilier FR","30","1.64","1.64","17","19","","Contact explicite","Très fort","[avocat droit immobilier]","Ubersuggest keyword_overview","2026-10-09","202511","2026-04-06","30 recherches/mois ; spécialité explicite ; CPC indicatif 1,64 USD."
"P1","avocat immobilier rabat","Avocat immobilier à Rabat","fr","Immobilier Rabat FR","20","","0","2","14","","Contact explicite","Très fort","[avocat immobilier rabat]","Ubersuggest keyword_overview","2026-10-09","202605","2026-04-06","20 recherches/mois ; spécialité et ville ; concurrence Ads 2/100."
"P1","avocat droit immobilier rabat","Avocat en droit immobilier à Rabat","fr","Immobilier Rabat FR","20","","0","7","8","","Contact explicite","Très fort","[avocat droit immobilier rabat]","Ubersuggest keyword_overview","2026-10-09","202607","2026-04-06","20 recherches/mois ; spécialité et ville ; concurrence Ads 7/100."
"P1","avocat immobilier","Avocat immobilier","fr","Immobilier FR","20","0.64","0.64","30","28","","Contact explicite","Très fort","[avocat immobilier]","Ubersuggest keyword_overview","2026-10-09","202607","2026-04-06","20 recherches/mois ; spécialité exacte ; CPC indicatif 0,64 USD."
"P1","avocat succession maroc","Avocat en succession au Maroc","fr","Succession FR","10","0.98","0.98","13","17","","Contact explicite","Fort","[avocat succession maroc]","Ubersuggest keyword_overview","2026-10-09","202609","2026-04-06","10 recherches/mois ; besoin d’un avocat ; annoncer les successions immobilières pour qualifier."
"P1","avocat immobilier maroc","Avocat immobilier au Maroc","fr","Immobilier FR","10","","0","14","18","","Contact explicite","Très fort","[avocat immobilier maroc]","Ubersuggest keyword_overview","2026-10-09","202605","2026-04-06","10 recherches/mois ; demande nationale précise."
"P1","avocat droit immobilier maroc","Avocat en droit immobilier au Maroc","fr","Immobilier FR","10","","0","21","12","","Contact explicite","Très fort","[avocat droit immobilier maroc]","Ubersuggest keyword_overview","2026-10-09","202609","2026-04-06","10 recherches/mois ; demande nationale précise."
"P1","استشارة قانونية عقارية","Consultation juridique immobilière","ar","Immobilier AR","10","","0","10","17","","Consultation","Fort","[استشارة قانونية عقارية]","Ubersuggest keyword_overview","2026-10-09","202604","","10 recherches/mois ; demande d’aide juridique immobilière."
"P1","محامي قضايا ميراث","Avocat pour dossiers d’héritage","ar","Succession AR","10","","0","1","13","","Contact explicite","Fort","[محامي قضايا ميراث]","Ubersuggest keyword_suggestions","2026-10-09","","2026-04-06","10 recherches/mois ; qualifier la présence d’un bien immobilier ou d’une terre."
"P2-LOCAL","avocat mohammedia","Avocat à Mohammedia","fr","Local Mohammedia FR","260","0.25","0.25","14","4","Informational","Avocat local généraliste","Fort mais à qualifier","[avocat mohammedia]","Ubersuggest keyword_overview","2026-10-09","202607","2026-08-03","260 recherches/mois ; correspond à l’emplacement réel du cabinet."
"P2-LOCAL","محامي المحمدية","Avocat à Mohammedia","ar","Local Mohammedia AR","50","","0","9","21","","Avocat local généraliste","Fort mais à qualifier","[محامي المحمدية]","Ubersuggest keyword_overview","2026-10-09","202605","2026-04-06","50 recherches/mois ; proximité réelle ; spécialité immobilière à indiquer dans l’annonce."
"P2-LOCAL","محامي بالمحمدية","Avocat à Mohammedia","ar","Local Mohammedia AR","40","","0","6","20","","Avocat local généraliste","Fort mais à qualifier","[محامي بالمحمدية]","Ubersuggest keyword_overview","2026-10-09","202609","2026-04-06","40 recherches/mois ; variante locale ; éviter de sommer les variantes."
"P2-LOCAL","avocat casablanca","Avocat à Casablanca","fr","Local Casablanca FR","2400","0.96","0.96","34","25","Informational","Avocat local généraliste","Moyen à fort","[avocat casablanca]","Ubersuggest keyword_overview","2026-10-09","202607","","2400 recherches/mois ; volume élevé mais spécialités mélangées ; cabinet situé à Mohammedia."
"P2-LOCAL","avocat rabat","Avocat à Rabat","fr","Local Rabat FR","1000","0.93","0.93","2","3","Commercial","Avocat local généraliste","Moyen à fort","[avocat rabat]","Ubersuggest keyword_overview","2026-10-09","202607","2026-08-16","1000 recherches/mois ; zone d’intervention ; annoncer cabinet à Mohammedia et dossiers à Rabat."
"P2-LOCAL","محامي الدار البيضاء","Avocat à Casablanca","ar","Local Casablanca AR","880","0.84","0.84","19","9","Commercial","Avocat local généraliste","Moyen à fort","[محامي الدار البيضاء]","Ubersuggest keyword_overview","2026-10-09","202609","2026-09-25","880 recherches/mois ; volume élevé mais spécialités mélangées."
"P2-LOCAL","محامي الرباط","Avocat à Rabat","ar","Local Rabat AR","390","0.77","0.77","2","5","Commercial","Avocat local généraliste","Moyen à fort","[محامي الرباط]","Ubersuggest keyword_overview","2026-10-09","202604","2026-05-03","390 recherches/mois ; filtrer les demandes hors immobilier."
"P2-PROBLEME","تعويضات الأراضي السلالية","Indemnités des terres collectives / Soulaliyates","ar","Foncier rural AR","210","","0","1","13","Informational","Information avec problème potentiel","Moyen à fort","[تعويضات الأراضي السلالية]","Ubersuggest keyword_overview","2026-10-09","202604","2026-05-12","210 recherches/mois ; lien direct avec l’expertise rurale ; SERP mêlant actualité et information."
"P2-PROBLEME","قانون إفراغ المكتري بدون عقد","Expulsion d’un locataire sans contrat","ar","Expulsion AR","170","","0","1","26","Informational","Information avec problème potentiel","Moyen à fort","[قانون إفراغ المكتري بدون عقد]","Ubersuggest keyword_overview","2026-10-09","202512","2026-02-02","170 recherches/mois ; problème concret ; SERP dominée par des explications et vidéos."
"P2-PROBLEME","الترامي على ملك الغير","Occupation / empiètement sur la propriété d’autrui","ar","Litige propriété AR","110","","0","1","15","Informational","Information avec problème potentiel","Moyen à fort","[الترامي على ملك الغير]","Ubersuggest keyword_overview","2026-10-09","202603","2026-03-29","110 recherches/mois ; enjeu de propriété susceptible de déboucher sur un dossier."
"P2-PROBLEME","مسطرة التعويض عن نزع الملكية","Procédure d’indemnisation pour expropriation","ar","Expropriation AR","110","","0","1","11","Informational","Information procédurale","Moyen à fort","[مسطرة التعويض عن نزع الملكية]","Ubersuggest keyword_overview","2026-10-09","202601","2026-02-09","110 recherches/mois ; procédure liée à un dommage patrimonial."
"P2-PROBLEME","التعرض على مطلب التحفيظ","Opposition à une demande d’immatriculation foncière","ar","Immatriculation AR","90","","0","1","10","Informational","Information avec problème potentiel","Moyen à fort","[التعرض على مطلب التحفيظ]","Ubersuggest keyword_overview","2026-10-09","202603","2026-04-06","90 recherches/mois ; problème foncier précis ; SERP surtout informative."
"P2-PROBLEME","شكاية الترامي على ملك الغير","Plainte pour empiètement sur la propriété d’autrui","ar","Litige propriété AR","90","","0","1","11","Informational","Recherche d’une démarche ou d’un modèle","Moyen","[شكاية الترامي على ملك الغير]","Ubersuggest keyword_overview","2026-10-09","202603","2026-04-04","90 recherches/mois ; besoin d’action possible ; filtrer les recherches de modèles gratuits."
"P2-PROBLEME","دعوى رفع الضرر في الملكية المشتركة","Action pour faire cesser un préjudice en copropriété","ar","Copropriété AR","90","","0","1","9","","Information avec problème potentiel","Moyen à fort","[دعوى رفع الضرر في الملكية المشتركة]","Ubersuggest keyword_suggestions","2026-10-09","","2025-10-22","90 recherches/mois ; demande liée à une action judiciaire ; donnée mise à jour en 2025."
"P2-PROBLEME","التعويض عن نزع الملكية للمنفعة العامة بالمغرب","Indemnisation d’une expropriation au Maroc","ar","Expropriation AR","70","","0","1","12","Informational","Information avec problème potentiel","Moyen à fort","[التعويض عن نزع الملكية للمنفعة العامة بالمغرب]","Ubersuggest keyword_overview","2026-10-09","202604","2026-04-16","70 recherches/mois ; demande portant sur l’indemnisation."
"P2-PROBLEME","طلب التعويض عن نزع الملكية","Demande d’indemnisation pour expropriation","ar","Expropriation AR","70","","0","1","10","Navigational","Démarche ou recherche documentaire","Moyen","[طلب التعويض عن نزع الملكية]","Ubersuggest keyword_overview","2026-10-09","202601","2026-02-21","70 recherches/mois ; recherche possible d’un formulaire plutôt que d’un avocat."
"P2-PROBLEME","الخروج من الشياع في القانون المغربي","Sortie de l’indivision en droit marocain","ar","Indivision AR","70","","0","1","26","Informational","Information avec problème potentiel","Moyen à fort","[الخروج من الشياع في القانون المغربي]","Ubersuggest keyword_overview","2026-10-09","202604","2026-04-16","70 recherches/mois ; sujet lié aux biens hérités ; exclure recherches académiques."
"P2-PROBLEME","الإفراغ للاحتياج في الكراء التجاري","Expulsion pour besoin personnel dans un bail commercial","ar","Bail commercial AR","70","","0","1","9","","Information avec problème potentiel","Moyen à fort","[الإفراغ للاحتياج في الكراء التجاري]","Ubersuggest keyword_suggestions","2026-10-09","","2026-04-17","70 recherches/mois ; sujet précis de contentieux commercial."
"P2-PROBLEME","الخروج من الشيوع في الأراضي الفلاحية","Sortie de l’indivision sur des terres agricoles","ar","Foncier rural AR","50","","0","1","26","Informational","Information avec problème potentiel","Moyen à fort","[الخروج من الشيوع في الأراضي الفلاحية]","Ubersuggest keyword_overview","2026-10-09","202510","2025-11-01","50 recherches/mois ; très proche de l’expertise agricole ; historique datant de 2025."
"P2-PROBLEME","منازعات الملكية المشتركة","Litiges de copropriété","ar","Copropriété AR","50","","0","1","12","","Information avec problème potentiel","Moyen à fort","[منازعات الملكية المشتركة]","Ubersuggest keyword_suggestions","2026-10-09","","2026-01-12","50 recherches/mois ; litige identifié, mais intention de mandater à vérifier."
"P2-PROBLEME","expropriation maroc","Expropriation au Maroc","fr","Expropriation FR","50","","0","1","9","","Information générale","Moyen","[expropriation maroc]","Ubersuggest keyword_suggestions","2026-10-09","","2025-10-21","50 recherches/mois ; qualifier l’existence d’une expropriation ou d’une indemnité contestée."
"P2-PROBLEME","قسمة قضائية","Partage judiciaire","ar","Indivision AR","30","","0","1","18","","Information avec problème potentiel","Moyen à fort","[قسمة قضائية]","Ubersuggest keyword_overview","2026-10-09","202608","","30 recherches/mois ; besoin pouvant concerner une succession immobilière."
"P2-PROBLEME","منازعات التحفيظ العقاري","Litiges d’immatriculation foncière","ar","Immatriculation AR","20","","0","1","13","","Problème foncier","Fort","[منازعات التحفيظ العقاري]","Ubersuggest keyword_overview","2026-10-09","202609","2026-04-06","20 recherches/mois ; peu de volume mais contentieux directement pertinent."
"P2-PROBLEME","الخروج من الشياع","Sortie de l’indivision","ar","Indivision AR","20","","0","1","13","","Information avec problème potentiel","Moyen à fort","[الخروج من الشياع]","Ubersuggest keyword_suggestions","2026-10-09","","2026-04-06","20 recherches/mois ; variante plus courte à tester sans sommer les volumes."
"P2-PROBLEME","نزاع بين الورثة","Litige entre héritiers","ar","Succession AR","10","","0","1","13","","Problème successoral","Fort","[نزاع بين الورثة]","Ubersuggest keyword_overview","2026-10-09","202608","","10 recherches/mois ; conflit explicite ; qualifier le caractère immobilier."
"P2-PROBLEME","النزاعات العقارية","Litiges immobiliers","ar","Litige propriété AR","10","","0","1","18","","Problème immobilier général","Moyen à fort","[النزاعات العقارية]","Ubersuggest keyword_suggestions","2026-10-09","","2026-04-06","10 recherches/mois ; spécialité pertinente, formulation encore générale."
"P2-PROBLEME","الكراء التجاري","Bail commercial","ar","Bail commercial AR","170","","0","1","14","","Information ou opération immobilière","Moyen","[الكراء التجاري]","Ubersuggest keyword_suggestions","2026-10-09","","2026-08-14","170 recherches/mois ; peut désigner un contrat ou une explication ; priorité après les litiges précis."
"P3-CONTENU","التحفيظ العقاري في المغرب","Immatriculation foncière au Maroc","ar","Immatriculation AR","2900","","0","1","11","","Information générale","Faible à moyen","[التحفيظ العقاري في المغرب]","Ubersuggest keyword_suggestions","2026-10-09","","2026-01-15","2900 recherches/mois ; forte demande informative, ne pas en faire le cœur du budget appels."
"P3-CONTENU","titre foncier maroc","Titre foncier au Maroc","fr","Immatriculation FR","1900","","0","1","22","","Information / démarche administrative","Faible à moyen","[titre foncier maroc]","Ubersuggest keyword_suggestions","2026-10-09","","2026-03-29","1900 recherches/mois ; recherches de documents et démarches, pas toujours d’un avocat."
"P3-CONTENU","لائحة ذوي الحقوق الأراضي السلالية","Liste des ayants droit aux terres collectives","ar","Foncier rural AR","1000","","0","1","12","","Recherche d’une liste administrative","Faible","[لائحة ذوي الحقوق الأراضي السلالية]","Ubersuggest keyword_suggestions","2026-10-09","","2026-01-18","1000 recherches/mois ; souvent recherche d’une liste, sans litige identifié."
"P3-CONTENU","الأراضي السلالية","Terres collectives / Soulaliyates","ar","Foncier rural AR","880","","0","1","13","","Information générale","Faible à moyen","[الأراضي السلالية]","Ubersuggest keyword_suggestions","2026-10-09","","2026-09-23","880 recherches/mois ; page de fond utile ; publicité seulement en test ultérieur."
"P3-CONTENU","الملكية المشتركة","Copropriété","ar","Copropriété AR","720","","0","1","11","","Information générale","Faible à moyen","[الملكية المشتركة]","Ubersuggest keyword_suggestions","2026-10-09","","2026-09-25","720 recherches/mois ; large notion juridique ; privilégier les litiges précis pour Ads."
"P3-CONTENU","التحفيظ العقاري","Immatriculation foncière","ar","Immatriculation AR","480","","0","1","18","","Information / démarches","Faible à moyen","[التحفيظ العقاري]","Ubersuggest keyword_suggestions","2026-10-09","","2026-09-30","480 recherches/mois ; sujet large, plus adapté à un guide."
"P3-CONTENU","نزع الملكية من اجل المنفعة العامة","Expropriation pour utilité publique","ar","Expropriation AR","390","","0","1","12","","Information générale / documentaire","Faible à moyen","[نزع الملكية من اجل المنفعة العامة]","Ubersuggest keyword_suggestions","2026-10-09","","2026-07-16","390 recherches/mois ; trop général pour prioriser les appels."
"P3-CONTENU","قانون نزع الملكية","Loi sur l’expropriation","ar","Expropriation AR","320","","0","1","10","","Recherche juridique documentaire","Faible","[قانون نزع الملكية]","Ubersuggest keyword_suggestions","2026-10-09","","2026-07-16","320 recherches/mois ; attire étudiants, professionnels et lecture de textes."
"P3-CONTENU","consultation titre foncier maroc","Consultation d’un titre foncier au Maroc","fr","Immatriculation FR","320","","0","1","7","","Consultation de document administratif","Faible","[consultation titre foncier maroc]","Ubersuggest keyword_suggestions","2026-10-09","","2026-10-05","320 recherches/mois ; le mot consultation vise ici souvent le document, pas une consultation d’avocat."
"P3-CONTENU","أراضي الجموع","Terres collectives","ar","Foncier rural AR","170","","0","1","11","","Information générale","Faible à moyen","[أراضي الجموع]","Ubersuggest keyword_suggestions","2026-10-09","","2026-08-14","170 recherches/mois ; expression large liée à l’expertise rurale."
"P3-CONTENU","كراء الأراضي الفلاحية بالمغرب","Location de terres agricoles au Maroc","ar","Foncier rural AR","90","","0","1","12","","Recherche d’une terre ou d’information","Faible à moyen","[كراء الأراضي الفلاحية بالمغرب]","Ubersuggest keyword_suggestions","2026-10-09","","2026-05-31","90 recherches/mois ; peut viser un terrain à louer ; qualifier le besoin juridique."
"P3-CONTENU","قانون تقسيم الأراضي الفلاحية بالمغرب","Loi sur le partage des terres agricoles au Maroc","ar","Foncier rural AR","70","","0","1","9","","Information juridique","Moyen","[قانون تقسيم الأراضي الفلاحية بالمغرب]","Ubersuggest keyword_suggestions","2026-10-09","","2026-06-16","70 recherches/mois ; guide utile avec contact lié à un partage concret."
"P4-VOLUME-ZERO","محامي نزاعات الأراضي الفلاحية","Avocat en litiges de terres agricoles","ar","Foncier rural AR","0","","0","1","4","","Contact explicite","Très fort si recherché","[محامي نزاعات الأراضي الفلاحية]","Ubersuggest keyword_overview","2026-10-09","","2026-04-06","0 affiché ; test limité possible ; ne pas construire le budget sur ce seul terme."
"P4-VOLUME-ZERO","avocat foncier maroc","Avocat foncier au Maroc","fr","Foncier rural FR","0","","0","1","12","","Contact explicite","Très fort si recherché","[avocat foncier maroc]","Ubersuggest keyword_overview","2026-10-09","","","0 affiché ; garder comme test limité."
"P4-VOLUME-ZERO","avocat terres agricoles","Avocat en terres agricoles","fr","Foncier rural FR","0","","0","1","12","","Contact explicite","Très fort si recherché","[avocat terres agricoles]","Ubersuggest keyword_overview","2026-10-09","","","0 affiché ; garder comme test limité."
"P4-VOLUME-ZERO","محامي مختص في الارث","Avocat spécialisé en héritage","ar","Succession AR","0","","0","1","4","","Contact explicite","Fort si recherché","[محامي مختص في الارث]","Ubersuggest keyword_overview","2026-10-09","","2026-04-06","0 affiché ; préférer d’abord les expressions mesurées."
"P4-VOLUME-ZERO","إفراغ المكتري لعدم أداء الكراء","Expulsion du locataire pour loyers impayés","ar","Expulsion AR","0","","0","1","4","","Problème immobilier précis","Fort si recherché","[إفراغ المكتري لعدم أداء الكراء]","Ubersuggest keyword_overview","2026-10-09","","","0 affiché ; phrase pertinente mais sans demande mesurée par Ubersuggest."
"P4-VOLUME-ZERO","تحفيظ أرض فلاحية","Immatriculation d’une terre agricole","ar","Foncier rural AR","0","","0","1","12","","Démarche foncière","Moyen à fort si recherché","[تحفيظ أرض فلاحية]","Ubersuggest keyword_overview","2026-10-09","","","0 affiché ; utile pour la page de service ou un test limité."
